{
	"$schema": "https://schemas.wp.org/wp/6.5/theme.json",
	"version": 2,
	"customTemplates": [
		{
			"name": "blank",
			"title": "Blank",
			"postTypes": [
				"page",
				"post"
			]
		},
		{
			"name": "hotel-detail",
			"title": "Hotel Detail",
			"postTypes": [
				"page"
			]
		}
	],
	"settings": {

	},
	"styles": {

	},
	"templateParts": [
		{
			"name": "header",
			"title": "Header",
			"area": "header"
		},
		{
			"name": "hotels-home-list",
			"title": "Hotels Home List",
			"area": "hotels"
		},
		{
			"name": "home-awards",
			"title": "Home Awards",
			"area": "awards"
		},
		{
			"name": "hotels-small-list",
			"title": "Hotels Small List",
			"area": "hotels"
		},
		{
			"name": "main-navigation",
			"title": "Main Navigation",
			"area": "header"
		},
		{
			"name": "footer",
			"title": "Footer",
			"area": "footer"
		}
	]
}
